dataset_index,stops,load,len_m,cost_m,energy_net_Wh,energy_gross_Wh,energy_regen_Wh,charge_cnt,charge_time_h,feasible,dataset_index
0,220,300,26630.80562,26614.66853,6134.52816,6483.110626,419.3306857,0,0,True,0
0,168,215,19161.79622,19336.73778,4499.754661,5048.008277,681.3870026,0,0,True,0
0,248,300,21913.27296,21978.73546,5349.350334,5401.919316,52.56898193,0,0,True,0
1,294,300,23120.2538,23208.37391,5605.821611,5739.974746,135.5112815,0,0,True,1
1,265,300,25010.74208,25141.95031,6196.200523,6484.129177,289.8902852,0,0,True,1
1,156,300,16300.24238,16384.55467,3972.521762,4113.929786,142.726221,0,0,True,1
1,179,247,18940.77061,18884.8948,4983.205353,5275.423968,304.1959683,0,0,True,1
1,280,300,25282.641,25327.8105,5957.340393,6148.386442,192.2830366,0,0,True,1
1,256,300,22243.85023,22296.06471,5238.057127,5334.618318,97.20253768,0,0,True,1
1,178,300,21863.83804,22050.14092,5793.476092,6124.607123,339.0880652,0,0,True,1
1,232,300,20200.07911,20275.76308,4860.815957,4981.829581,121.2815061,0,0,True,1
1,253,300,23349.82281,23342.37778,5766.75001,5909.425695,145.9615217,0,0,True,1
1,226,300,20403.36418,20494.89861,5004.597637,5271.057955,276.9261901,0,0,True,1
2,266,300,26144.66053,26276.08326,7089.675385,7403.708053,323.0448833,0,0,True,2
2,216,293,23293.47144,23680.01219,7288.781854,7842.425689,599.8207748,0,0,True,2
2,205,299,25212.10005,25374.1161,6178.288571,6557.176495,400.9346043,0,0,True,2
3,133,198,16113.19988,16227.34872,4319.436509,4517.751228,207.3703521,0,0,True,3
3,251,300,23034.23435,23123.83183,6043.622696,6236.065393,201.2870298,0,0,True,3
3,134,300,17723.16404,17778.63169,4172.695385,4293.230069,120.5346843,0,0,True,3
3,43,220,10727.91579,10840.86453,2700.785688,2928.914539,229.4196228,0,0,True,3
4,71,286,17763.12253,17821.78983,3921.138321,4223.478024,342.3339097,0,0,True,4
4,114,210,12930.95532,12607.41748,3534.42506,4199.735361,1123.014826,0,0,True,4
4,163,270,13425.82678,13065.24041,4218.301322,4858.908968,852.2571896,0,0,True,4
4,80,283,7963.784319,7859.021087,2397.200116,2604.243931,214.6451767,0,0,True,4
4,173,296,14254.98962,14385.4731,3472.478531,3874.161124,441.3380471,0,0,True,4
4,170,295,14944.51435,14176.63203,3767.034575,4573.338673,944.7638548,0,0,True,4
5,194,291,24095.98729,23934.93174,6206.215251,6838.534754,691.109646,0,0,True,5
5,243,300,27990.11384,27575.8874,6837.683037,7392.997772,576.5061638,0,0,True,5
5,197,300,21356.05695,21445.86241,5452.819822,5686.793287,237.4549321,0,0,True,5
5,119,213,22283.39654,22383.84809,6023.054341,6414.761325,396.1925235,0,0,True,5
5,106,161,13603.6443,13294.5984,3633.311624,4081.546586,484.9281245,0,0,True,5
5,130,296,18469.78075,18133.29761,4859.360575,5215.489858,363.0536607,0,0,True,5
5,248,300,28740.96975,28525.39351,7362.359036,7785.72805,431.5417279,0,0,True,5
6,83,167,13530.71191,13230.38465,5238.606707,5904.002548,890.3876667,0,0,True,6
6,161,210,15233.04776,14904.73738,4939.319083,5582.764766,1057.834368,0,0,True,6
7,152,300,10041.88408,10068.33638,2395.237884,2432.262058,37.1363317,0,0,True,7
7,210,300,28184.8826,28126.85502,7312.915763,7793.066251,512.948608,0,0,True,7
7,227,300,31611.52475,30966.18631,8341.36526,9057.994853,763.6295929,0,0,True,7
7,129,300,34327.15707,34613.15622,9229.27915,9722.67988,502.5342784,0,0,True,7
7,278,300,23408.65397,23469.28717,5534.663523,5676.163764,142.7050076,0,0,True,7
7,169,300,21142.02379,20956.17519,4988.106289,5367.551358,385.9563367,0,0,True,7
7,212,300,26733.57166,26933.62985,7309.819933,7954.118734,725.353934,0,0,True,7
7,242,300,21541.63418,21591.35078,5713.44391,6055.630931,351.7686134,0,0,True,7
7,172,300,21874.09772,22007.52895,5538.245138,5859.350285,326.4254814,0,0,True,7
7,235,300,40171.04903,40403.16634,10131.97012,10916.71782,838.3636389,0,0,True,7
7,180,300,45338.27078,45291.62897,11328.70535,11779.70041,454.0053348,0,0,True,7
7,212,300,23901.71628,23758.63138,6349.746948,6712.24859,370.3460405,0,0,True,7
7,168,300,38792.3424,39038.29661,9423.185296,10149.14469,740.4698505,0,0,True,7
7,138,300,23074.5021,23151.9855,5570.707432,5787.525968,221.7414818,0,0,True,7
7,140,300,17879.15761,17943.43024,4246.188367,4396.850483,150.7155502,0,0,True,7
7,84,117,30391.27983,30379.20817,7358.443535,8063.136472,747.3681144,0,0,True,7
7,190,300,19440.30057,19439.89791,4673.661278,4872.783516,199.6322049,0,0,True,7
7,234,300,28447.15694,27960.43606,7221.10721,7625.90257,411.1456985,0,0,True,7
7,202,300,17249.63038,17293.45509,4166.121613,4259.307881,93.63570626,0,0,True,7
7,221,300,26301.17169,26343.93666,6310.485051,6491.20088,181.451006,0,0,True,7
7,171,300,33271.15629,33544.60046,8651.150993,9182.938863,546.4697597,0,0,True,7
8,204,220,18004.96547,18012.87965,6117.941237,6714.750474,925.940023,0,0,True,8
8,252,300,22269.28988,20872.88922,8943.583716,9879.678685,1519.357667,0,0,True,8
8,153,300,15872.45775,16179.33078,5089.786766,5987.21417,1149.73554,0,0,True,8
8,260,279,20355.97057,19905.9705,7298.939896,8376.384682,1835.455766,0,0,True,8
8,252,269,21488.32959,20876.33543,7807.674486,8979.02037,2228.934032,0,0,True,8
8,145,259,16411.1375,16761.70434,5278.180577,6123.563894,1218.133017,0,0,True,8
8,4,299,3563.157426,3124.577774,777.0580456,1013.809948,255.6791161,0,0,True,8
9,160,300,16768.60068,16205.14278,5144.95615,5667.213008,808.6054455,0,0,True,9
9,221,300,20039.73355,20274.694,5805.599066,6132.134323,359.6807407,0,0,True,9
9,108,300,18943.90578,19135.81417,5228.04707,5668.627236,461.0417006,0,0,True,9
9,173,300,20011.31533,20027.89514,5553.624445,6062.534651,702.9480746,0,0,True,9
9,18,77,6768.95648,6978.153537,2699.283449,2838.458265,158.7990541,0,0,True,9
9,53,288,13366.78709,13540.23806,3869.332231,3999.426461,130.0942293,0,0,True,9
10,196,259,18036.46408,18593.50622,7658.87,8210.26333,815.8641449,0,0,True,10
10,55,237,11139.97519,10441.11419,3770.819759,4329.758921,758.8193913,0,0,True,10
10,164,300,14446.93919,14619.86503,5385.290439,5977.629553,1123.370532,0,0,True,10
10,123,298,9957.203838,10170.93805,4012.495802,4449.148296,566.898024,0,0,True,10
11,173,300,19430.02312,18912.66833,5183.853,5823.752928,705.9218348,0,0,True,11
11,270,276,20912.59819,20967.07601,6170.052097,7052.988334,1064.918736,0,0,True,11
11,112,159,14653.43651,14702.3337,3792.739544,4168.105326,413.7340748,0,0,True,11
11,241,300,19267.14152,19232.29902,5459.448276,5931.386313,585.5159039,0,0,True,11
12,258,300,22353.63548,22553.914,10735.20913,11628.49391,1813.987778,0,0,True,12
12,290,300,20061.26,19888.68978,9163.895437,10083.01346,1889.637988,0,0,True,12
12,124,262,10324.21866,9598.549658,3759.945288,4224.83758,724.2288368,0,0,True,12
12,107,175,18828.41007,16692.75262,5769.396064,6702.165124,1496.630458,0,0,True,12
12,278,300,21530.20236,20158.30597,6633.755957,7666.440627,1711.410203,0,0,True,12
12,260,300,17719.78991,17463.86596,6935.689005,7817.139346,1491.784927,0,0,True,12
12,222,300,19458.19943,18623.48475,8136.131032,8914.208483,1160.981521,0,0,True,12
12,222,300,17085.56658,16151.33338,5701.244972,6517.932699,1537.903005,0,0,True,12
12,268,300,18505.68068,18871.88932,7371.113535,8200.415063,1450.658459,0,0,True,12
13,125,178,18119.75883,18009.55166,7352.958605,8181.726811,1134.752621,0,0,True,13
13,237,300,15571.52877,15589.22496,4699.164746,5218.235386,763.7099884,0,0,True,13
13,204,300,16827.63838,17130.66354,5814.59625,6479.268054,979.7836807,0,0,True,13
13,260,300,22547.75825,21854.31319,7475.332122,8573.904781,1523.12599,0,0,True,13
13,168,196,19703.92353,19068.01287,5966.344383,6883.994098,1561.814849,0,0,True,13
13,281,300,20223.16776,20606.36589,6727.661846,7285.017368,779.6647293,0,0,True,13
13,228,300,18357.96318,18224.67902,6697.978956,7349.998324,885.2973251,0,0,True,13
14,77,86,10076.24703,10045.78475,2642.192949,2774.559094,133.1052155,0,0,True,14
15,273,300,18978.83728,18995.85898,8519.216604,9166.267967,1219.79045,0,0,True,15
15,141,232,13747.34804,12982.33343,4874.829796,5751.701785,1638.602846,0,0,True,15
15,93,212,13967.8642,13559.70096,4228.380383,4934.251221,1364.590033,0,0,True,15
16,141,300,21098.39989,20345.98023,5804.566521,6594.22394,892.0239855,0,0,True,16
16,176,300,26002.19227,25955.94983,5870.194867,6268.843416,439.7702397,0,0,True,16
16,214,300,16133.19444,16162.20522,4582.3158,5263.38749,842.4430847,0,0,True,16
16,240,300,24934.67525,24084.14266,6425.054179,7038.568721,674.8912314,0,0,True,16
16,113,272,14794.55836,13924.63145,4092.043665,4872.418972,1005.932151,0,0,True,16
16,281,300,26316.34001,25761.94857,6323.280083,6723.491333,422.716321,0,0,True,16
16,245,300,26699.63738,26600.3574,6262.597219,6740.558443,504.8444966,0,0,True,16
16,182,291,18802.79706,18853.30098,4440.629963,5025.058165,624.958874,0,0,True,16
17,257,300,23622.78922,23449.74301,6516.332828,7144.178127,668.3154553,0,0,True,17
17,260,300,26297.46205,26649.90918,7625.524022,8063.188746,460.0144066,0,0,True,17
17,288,300,27318.11349,27023.97391,6760.198177,7036.545294,285.3201156,0,0,True,17
17,276,300,23615.29393,24022.19973,7079.25381,7659.499215,652.0529436,0,0,True,17
17,183,234,23717.93863,23646.34967,6489.72535,7553.826454,1256.961802,0,0,True,17
17,181,300,23167.93119,23118.34008,6055.105827,6583.677199,586.6702233,0,0,True,17
17,232,300,24322.47078,24543.89526,6678.043495,7067.194412,408.7158292,0,0,True,17
17,254,300,33469.3564,33713.12786,9559.023062,10162.10597,675.1197819,0,0,True,17
17,203,300,36045.8203,36199.41372,9281.663701,9611.047605,335.4385533,0,0,True,17
17,257,300,30283.01221,30383.70864,7637.617832,8280.421835,661.7776971,0,0,True,17
17,261,300,24046.90275,24032.43079,5978.377007,6306.286853,347.0038123,0,0,True,17
17,54,145,14527.86232,14278.7456,3329.502501,4086.397163,917.7448659,0,0,True,17
17,251,300,23420.31304,23527.90928,5648.906566,5843.4828,199.5133204,0,0,True,17
17,293,300,26536.17494,26710.35909,6553.165467,6885.49809,362.0193526,0,0,True,17
17,274,300,24143.14632,24096.06931,6246.470176,6519.868171,279.5806869,0,0,True,17
17,236,250,28085.35488,27764.61996,7586.434855,8339.949487,960.8915976,0,0,True,17
17,290,300,24041.2646,24132.26764,5757.785827,5918.774811,166.2701508,0,0,True,17
17,258,300,28370.5968,28008.46246,7632.474347,8643.317628,1124.452468,0,0,True,17
17,271,300,27640.44885,27626.01608,6914.059792,7220.762833,310.8298676,0,0,True,17
17,221,300,29806.41715,29904.73846,7458.808468,7804.778951,355.6045094,0,0,True,17
17,270,300,28829.23867,29082.22274,7580.763929,7977.37801,416.6033669,0,0,True,17
17,255,300,28187.8254,27974.908,7887.895745,8491.916094,630.8356752,0,0,True,17
18,276,300,19557.21553,19551.90494,4795.318348,5148.59583,358.8620812,0,0,True,18
18,249,300,22242.08884,21922.48314,6950.170543,7970.147668,1358.553218,0,0,True,18
18,259,300,21014.54396,20922.58114,6557.327803,7435.332464,1203.142124,0,0,True,18
18,93,103,12507.56859,12141.60061,4032.300818,4755.914686,1228.280772,0,0,True,18
18,257,300,23794.37247,23918.13904,7027.688543,7970.159776,1261.470683,0,0,True,18
18,270,300,21043.9269,21118.43987,6287.291928,6983.120354,791.9554684,0,0,True,18
18,197,243,21018.69848,20728.89899,6295.548257,7400.828718,1460.894124,0,0,True,18
18,232,300,17021.9983,17098.49031,4578.088907,4933.638922,360.6556683,0,0,True,18
19,259,300,37605.6804,37806.81371,10059.4471,10661.74477,618.2558048,0,0,True,19
19,273,300,27779.06003,27747.39498,6736.137379,6968.286132,234.6989762,0,0,True,19
19,256,300,26474.87262,26605.97333,6720.758267,6936.693629,219.2707973,0,0,True,19
19,290,300,29804.29824,29694.91011,7188.936849,7402.268054,218.1984246,0,0,True,19
19,271,300,28252.58036,28457.50584,7522.846634,8091.624526,599.1841981,0,0,True,19
19,263,288,30605.0777,30832.05995,8410.869158,9020.825063,643.8916841,0,0,True,19
19,294,300,31593.01689,31686.80745,7942.268621,8348.725599,410.3816982,0,0,True,19
19,259,300,22785.08254,22914.5912,5836.694351,6030.396239,196.2236529,0,0,True,19
20,250,300,19299.46893,19305.29756,4578.493282,4641.234804,62.83630008,0,0,True,20
20,251,300,29770.44445,29885.71448,7884.216674,8210.396683,330.4714647,0,0,True,20
20,250,300,28601.94966,28282.63172,6693.1645,6788.635988,95.65495222,0,0,True,20
20,280,300,21669.5172,21706.20139,5102.923503,5154.243742,51.32023935,0,0,True,20
20,199,300,31741.0559,31819.08812,7579.567211,7676.086539,96.51932762,0,0,True,20
20,210,300,24595.43566,24644.45184,6152.922452,6341.702895,193.1408023,0,0,True,20
20,225,279,30382.08254,30609.40699,8111.1762,8528.18585,439.3432315,0,0,True,20
20,146,193,23019.14854,23009.54591,6359.78892,6794.853828,485.6795564,0,0,True,20
20,206,300,21335.70908,21463.91821,5575.711271,5791.179383,217.0260366,0,0,True,20
20,197,300,22924.7282,23168.81894,6370.325129,6625.434815,265.1512375,0,0,True,20
20,243,300,22758.10498,22785.13935,5347.181031,5419.208743,72.06588507,0,0,True,20
20,277,300,22356.71846,22397.75256,5257.120034,5328.871133,71.9807852,0,0,True,20
21,62,299,12663.788,12664.01448,3004.917194,3075.45554,70.538345,0,0,True,21
21,255,300,25969.56778,25869.64721,6315.726434,6484.417896,169.2663593,0,0,True,21
21,200,300,39336.79627,39082.02743,10797.65907,11450.68711,775.0361722,0,0,True,21
21,196,300,23764.5135,23744.85354,5828.57982,6131.330367,305.6453738,0,0,True,21
21,227,300,22557.87227,22339.19551,6139.646496,6531.263492,417.0620718,0,0,True,21
21,233,300,19946.26142,20010.08237,4874.455521,4976.031122,101.5756016,0,0,True,21
21,223,300,24913.32775,24953.79308,5908.763722,6110.932572,202.1688492,0,0,True,21
21,120,300,36087.43981,36310.28716,9209.626758,9725.101131,518.2056622,0,0,True,21
21,75,300,24411.54778,24424.73826,6034.806319,6191.715789,156.912734,0,0,True,21
21,252,300,21998.48443,22044.46904,5218.298589,5283.889893,65.59130433,0,0,True,21
21,194,300,23722.2203,23771.71445,6001.859559,6321.894087,321.6264597,0,0,True,21
21,64,173,37787.3548,37141.26198,10759.99076,11350.66306,641.5520205,0,0,True,21
21,219,300,36173.48802,36068.74889,9092.508715,9503.305152,482.7375947,0,0,True,21
21,204,300,29069.2978,29174.07135,7910.232422,8353.543468,451.9758186,0,0,True,21
21,247,300,26968.38169,26814.12576,6768.069234,6981.316629,216.6833456,0,0,True,21
21,181,300,23679.42522,23427.34655,5615.103034,5786.784805,172.0971832,0,0,True,21
21,225,300,23713.35568,23703.21983,5856.318399,5983.242895,126.9244953,0,0,True,21
22,72,104,23261.99798,23081.53706,5836.754912,6585.841284,878.297193,0,0,True,22
23,2,2,1145.370164,1149.201834,275.7762107,281.1761337,5.399923038,0,0,True,23
24,248,300,21711.26102,21732.13423,5106.394861,5214.872769,108.6649123,0,0,True,24
24,258,300,17313.49064,17372.26778,4113.568462,4224.390429,110.8239831,0,0,True,24
24,289,300,28646.68985,28744.54873,6979.377123,7157.9663,181.2612583,0,0,True,24
24,250,300,35485.42881,35423.29775,9164.390533,9613.73633,479.8929795,0,0,True,24
24,269,300,20064.65974,20109.77934,4756.754045,4822.022311,65.26826603,0,0,True,24
24,251,300,26218.84421,26049.08953,6318.127696,6583.207448,265.3817985,0,0,True,24
24,274,300,27337.09568,27317.20286,6415.179479,6521.299865,107.0362635,0,0,True,24
24,275,300,20318.83237,20394.4863,4943.481633,5037.133345,93.94579825,0,0,True,24
24,255,300,26609.12822,26502.96206,6497.299175,6730.337204,234.4413987,0,0,True,24
24,198,300,32671.09138,32301.19158,8712.382849,9295.314953,634.1917177,0,0,True,24
24,292,300,23813.39005,23810.52149,5609.143935,5770.239988,163.6448648,0,0,True,24
24,235,300,40448.01853,40503.29547,9575.160072,9718.962787,143.8027147,0,0,True,24
24,246,300,25988.68903,25913.70049,6334.42182,6626.088605,292.4136383,0,0,True,24
24,257,300,16425.25849,16448.91861,3953.558894,4023.007304,69.8301307,0,0,True,24
24,254,300,35060.82303,35253.45984,9568.391324,10006.59441,457.3162267,0,0,True,24
24,254,300,32776.65856,32472.57372,8115.426331,8639.088752,540.458699,0,0,True,24
24,268,300,22605.19935,22692.62943,5517.719919,5634.126985,117.8753762,0,0,True,24
24,267,300,24776.73812,24854.86739,5879.372003,6023.532779,144.6654883,0,0,True,24
24,263,300,25425.72382,25500.50687,6160.104004,6377.957179,219.3270324,0,0,True,24
24,213,300,26274.77835,26206.386,6199.690712,6305.140685,105.47972,0,0,True,24
24,152,300,11631.27632,11668.77952,2782.347378,2848.269122,66.78536472,0,0,True,24
24,273,300,23176.304,23227.97927,5519.292983,5608.354861,89.06187797,0,0,True,24
24,76,77,16209.03756,16019.32514,4254.697371,4719.299554,480.438505,0,0,True,24
24,256,300,23140.75442,23187.07658,5617.953014,5784.587803,171.7663707,0,0,True,24
24,272,300,28385.65257,28463.1306,6893.991484,7037.329227,144.3018942,0,0,True,24
24,247,300,25962.687,25906.71986,6453.186232,6811.045907,376.0076181,0,0,True,24
24,267,300,27976.77772,27985.41372,6673.596504,6780.407137,108.4575424,0,0,True,24
24,221,300,32453.00648,32492.32322,8068.254366,8451.227639,403.3187845,0,0,True,24
24,245,300,26932.79217,26940.36333,6528.023217,6723.069444,195.1452153,0,0,True,24
24,274,300,19885.76282,19933.36609,5138.516183,5403.493967,274.9498371,0,0,True,24
24,259,300,30036.82342,30329.11488,8322.720814,8745.122304,434.7974265,0,0,True,24
24,253,300,21330.88106,21273.57426,5141.606721,5269.359324,127.7526031,0,0,True,24
24,255,300,30596.87664,30558.49787,8204.55945,8715.141859,530.9908534,0,0,True,24
24,261,300,21264.1085,21183.84634,5013.388189,5129.883396,116.8904306,0,0,True,24
24,269,300,23434.17368,23472.73963,5929.308248,6178.89229,252.6243463,0,0,True,24
24,256,300,30742.24858,30703.77192,7485.638527,7857.628338,380.8451557,0,0,True,24
24,237,300,34042.86506,34145.72854,8484.664307,8781.48111,300.1396283,0,0,True,24
24,253,300,22607.43183,22594.88247,5313.540603,5419.42218,106.1378211,0,0,True,24
24,262,300,26490.36225,26543.97506,6403.920573,6596.380169,193.3383804,0,0,True,24
24,280,300,16428.30131,16447.64164,3848.175446,3871.863111,23.68766441,0,0,True,24
24,295,300,20688.96048,20759.91866,4935.900963,5063.609123,129.4494002,0,0,True,24
24,241,300,31872.03826,31621.88393,7728.39197,7937.859434,210.4945013,0,0,True,24
25,212,300,22009.78309,22021.16608,5249.734552,5302.083409,52.34885652,0,0,True,25
25,282,300,25438.43554,25476.28923,6089.812771,6152.075032,62.26226108,0,0,True,25
25,296,300,22788.4095,22871.14177,5658.566308,5785.380117,131.3621821,0,0,True,25
25,267,282,22653.57456,22773.31878,5668.693616,5846.393617,178.3232876,0,0,True,25
25,262,300,27254.69363,27275.76233,6473.730545,6558.70978,85.0379034,0,0,True,25
25,153,300,14710.15389,14847.93842,3977.807051,4100.429089,123.1885471,0,0,True,25
26,224,300,30177.59929,30157.08741,7175.51043,8121.971621,1137.463551,0,0,True,26
26,137,300,18657.83497,18624.44471,4350.213943,4459.849893,118.7403712,0,0,True,26
26,202,300,34222.22346,33674.10063,9116.03203,9681.3484,868.4873599,0,0,True,26
26,241,300,33623.67907,32883.04273,7849.160977,8434.399009,1912.952695,0,0,True,26
26,216,300,20185.98454,20258.5789,5070.160837,5265.858489,204.6583858,0,0,True,26
26,248,300,26036.70061,25450.83365,5891.461377,6065.614401,1189.890724,0,0,True,26
26,249,300,40853.48942,40443.08399,9723.519723,9889.700059,348.0864311,0,0,True,26
26,228,300,23579.84499,23059.30869,5639.64174,5834.617856,195.2939615,0,0,True,26
26,254,300,17777.67481,17907.84856,4284.068815,4610.613735,342.5586409,0,0,True,26
26,229,300,24855.19576,23216.95154,7480.016012,8328.885602,1202.213318,0,0,True,26
26,285,300,31780.50333,31031.08461,8348.873948,8710.757846,492.0243353,0,0,True,26
26,265,300,34777.97317,34620.57121,9920.983312,10402.10149,1523.352871,0,0,True,26
26,197,300,24636.71425,24253.36237,6728.571331,7207.096849,662.0836561,0,0,True,26
26,222,300,24266.56821,24368.40484,6321.930327,6536.351,221.5639658,0,0,True,26
26,141,246,35837.21945,35794.51581,8417.033392,9690.650567,1652.050007,0,0,True,26
26,257,300,29836.99896,29553.55034,7861.226343,8641.645731,1032.045106,0,0,True,26
26,282,300,34391.28506,34458.13098,8473.41109,9159.017317,827.0708761,0,0,True,26
26,255,300,17209.90558,17304.53112,4475.632203,4654.975209,185.201103,0,0,True,26
26,76,300,12140.66046,11824.1889,2907.525681,3080.338649,174.8606928,0,0,True,26
26,237,300,25489.89092,25534.30182,6206.371405,6395.049478,195.2633376,0,0,True,26
26,234,300,28155.3639,27157.83303,6251.323234,6609.659859,994.7203621,0,0,True,26
26,290,300,21518.94,21304.88657,5757.614434,6114.117865,373.7703552,0,0,True,26
26,224,300,23901.77505,23920.65688,5749.479371,6000.359286,269.5553648,0,0,True,26
26,238,300,30317.1271,29356.43872,8047.378645,8934.909326,1317.273765,0,0,True,26
26,196,300,33442.69142,32614.21148,8533.737394,10069.90804,1729.444919,0,0,True,26
26,249,300,57292.75717,55295.21142,15510.94918,17804.83202,3816.375245,0,0,True,26
26,253,300,40900.82554,38546.87674,10482.59168,11884.84726,1926.299734,0,0,True,26
26,235,300,36175.25986,36007.75223,8250.347257,8379.017107,276.7848628,0,0,True,26
26,221,300,36276.37797,36214.29366,8371.661917,8531.202677,258.8328225,0,0,True,26
26,263,300,21699.85727,21319.07534,5478.520542,5822.227889,347.6693969,0,0,True,26
26,221,300,34291.33784,34607.27817,8917.91638,10434.19341,2778.154965,0,0,True,26
26,273,300,29259.01676,28658.13881,7253.578341,7611.831786,459.4001087,0,0,True,26
26,259,300,21059.2219,20994.03414,6076.568096,6514.028382,449.7652264,0,0,True,26
26,263,300,24632.83905,25685.95663,11026.51669,11331.36457,3140.785919,0,0,True,26
26,237,300,21645.0791,21611.04329,5024.57344,5209.994154,195.266086,0,0,True,26
27,235,300,16820.21632,16310.58107,7354.208369,8107.480292,1505.419734,0,0,True,27
27,149,165,13491.02602,13559.16757,4467.716145,4884.97621,652.8444504,0,0,True,27
27,234,248,19586.3956,19490.2456,7628.477139,8183.663348,804.7877529,0,0,True,27
27,189,241,15782.45227,15240.06083,4942.688337,5348.732206,763.1524921,0,0,True,27
27,257,299,24258.07095,23533.39722,7424.091422,8104.441837,959.0656681,0,0,True,27
27,6,1357,7186.749179,6454.465693,2511.929592,2725.810727,456.9894886,0,0,True,27
27,138,166,9630.900966,9741.205621,3380.911715,3676.425643,408.4235634,0,0,True,27
27,256,300,20404.35651,19563.5061,6595.173105,7207.94455,797.753619,0,0,True,27
27,91,155,12359.70664,12245.96287,3514.696173,3982.449237,633.4494659,0,0,True,27
27,154,300,18246.6563,17423.84245,5695.987952,6185.696455,757.1139678,0,0,True,27
27,120,143,8695.534693,9067.787793,4440.826219,4848.664315,875.7856445,0,0,True,27
27,205,291,21141.43511,19807.08845,6311.928245,6929.266712,873.2489054,0,0,True,27
27,145,147,15843.91754,14951.33688,5356.680987,5854.634571,676.3100761,0,0,True,27
27,248,296,19064.83649,18406.25937,5767.275805,6302.531385,751.3325554,0,0,True,27
27,192,300,17405.81062,16833.67758,5423.906222,5859.080689,655.872913,0,0,True,27
27,95,156,9280.030816,9195.451696,2867.10359,3248.90825,543.3592072,0,0,True,27
27,209,234,16798.2631,16477.83016,4761.203628,5352.068759,880.4860695,0,0,True,27
27,170,300,17156.55438,16761.09826,7039.355144,7879.380514,1613.876183,0,0,True,27
28,272,300,33072.69026,33103.57105,8068.998432,8428.691362,396.5701562,0,0,True,28
28,212,300,25536.45576,24015.91135,6789.994505,7820.447776,1349.250349,0,0,True,28
28,207,263,28837.00672,28656.29208,7014.243918,7350.270681,375.2240292,0,0,True,28
28,254,300,30552.83015,29534.62981,8400.667745,9261.311521,1013.367452,0,0,True,28
28,219,300,29921.87686,28248.12017,9114.332349,10450.06774,1624.418473,0,0,True,28
28,96,300,13085.38882,13017.77567,3262.801467,3378.531231,151.1110689,0,0,True,28
28,234,300,26741.53487,26751.23885,7044.669381,7366.925774,362.1359219,0,0,True,28
28,230,300,31821.28985,31870.33238,8933.448667,9524.934658,656.0311315,0,0,True,28
28,216,297,15679.90769,15749.29545,4027.061284,4466.110999,536.041925,0,0,True,28
29,228,300,20814.79964,20876.10737,5141.324162,5364.350284,224.566425,0,0,True,29
29,185,300,15637.51625,15663.41473,3694.196317,3748.100131,53.90381362,0,0,True,29
29,199,300,23587.53926,23664.58341,5969.456036,6346.723868,399.7593938,0,0,True,29
29,256,300,34289.91069,34315.98192,8137.250932,8258.78374,123.2438246,0,0,True,29
29,293,300,27615.85999,27663.6864,6516.994778,6656.621052,139.8935799,0,0,True,29
29,197,300,20876.82419,20968.5749,5120.626359,5403.967991,290.0311459,0,0,True,29
29,222,300,18190.05116,18259.65942,4448.880298,4587.553814,140.0736512,0,0,True,29
29,80,300,14541.89278,14568.46706,3415.784792,3463.891691,48.10689955,0,0,True,29
29,179,300,22960.51369,23020.5538,5448.043068,5545.359741,97.31667225,0,0,True,29
29,232,300,32135.11242,32261.22079,8223.528235,8434.543456,229.854884,0,0,True,29
29,247,300,23570.95224,23649.22505,5648.652727,5854.078772,209.4329396,0,0,True,29
29,185,300,26192.90279,26273.64331,6664.394229,6968.870675,312.3437238,0,0,True,29
29,193,300,15376.63015,15398.7195,3631.619066,3693.773363,62.16355031,0,0,True,29
29,250,300,20841.65177,20866.13617,4990.792141,5060.327023,69.53488178,0,0,True,29
29,254,300,28518.14169,28361.79971,6905.781383,7186.864201,287.8104764,0,0,True,29
29,73,84,13199.00804,13285.64483,3707.310499,4036.668078,365.3386235,0,0,True,29
29,237,286,32682.33674,32468.09612,8084.679488,8409.777785,340.8961849,0,0,True,29
29,252,300,28053.69589,27886.43848,6937.329294,7324.868159,411.6043897,0,0,True,29
29,260,300,31154.8015,31214.64701,7342.312849,7468.466646,126.3587429,0,0,True,29
29,228,300,26726.58532,26794.36871,6532.96834,6699.604902,169.902998,0,0,True,29
29,164,300,27723.0204,27777.66904,6571.084611,6696.495238,127.1450226,0,0,True,29
29,169,300,22569.85708,22397.68536,6259.12773,6624.457563,403.5524441,0,0,True,29
29,126,300,15915.07563,15870.88394,3813.774827,4025.678413,213.8890393,0,0,True,29
29,226,300,36550.30606,36612.84473,8616.362086,8791.574495,175.230071,0,0,True,29
29,215,300,23144.53055,23277.33199,5743.388826,5988.526324,257.0563126,0,0,True,29
29,261,300,19763.42694,19811.9618,4702.799778,4770.524597,68.1975364,0,0,True,29
29,213,300,22106.6562,22280.81646,5707.82414,5995.812447,302.4842134,0,0,True,29
29,129,300,16450.26158,16321.92099,3852.31137,4075.813526,224.7840209,0,0,True,29
29,236,300,30508.84177,30606.43946,7472.024689,7621.689223,149.7429022,0,0,True,29
30,229,300,26339.47209,26313.31056,6344.960691,6501.598349,157.7038157,0,0,True,30
30,251,286,18965.07848,18786.29585,5552.202254,5972.812651,498.3047644,0,0,True,30
30,268,300,16957.54768,16962.74645,4265.051231,4451.424885,189.684656,0,0,True,30
30,249,300,30251.03121,30166.45961,7095.879165,7240.130495,144.9690789,0,0,True,30
30,283,300,30909.70711,30872.33264,7342.368463,7463.932567,122.3315483,0,0,True,30
30,235,300,20380.38702,20336.603,4786.905793,5004.892455,218.4306628,0,0,True,30
30,221,292,24764.9473,24599.89637,6237.125511,6741.04456,545.6985171,0,0,True,30
30,101,163,12875.38658,12728.54177,3277.767408,3625.490754,381.7287786,0,0,True,30
30,254,267,32690.99804,32595.81485,7794.137219,8039.246829,247.9660861,0,0,True,30
30,254,300,30365.8531,30308.20867,7188.68585,7276.791156,88.72524796,0,0,True,30
30,226,300,20472.3292,20441.87093,5281.231885,5654.022801,386.4428732,0,0,True,30
31,255,300,17772.95588,17790.09645,4139.073557,4165.122812,26.04925542,0,0,True,31
31,272,300,23590.95027,23504.44845,5882.006757,6120.607949,268.5346918,0,0,True,31
31,126,300,19342.80635,19173.88059,4539.141349,4702.098056,164.0790524,0,0,True,31
31,228,261,28219.92849,28126.23834,7453.094932,7997.554344,726.5445019,0,0,True,31
31,275,300,22723.78656,22798.83398,5468.435292,5603.936029,135.7096007,0,0,True,31
31,274,300,21919.15851,21962.51052,5194.574116,5248.856167,54.89610779,0,0,True,31
31,213,300,23847.63422,24000.41583,5897.624358,6402.493511,566.0755473,0,0,True,31
31,275,300,22502.9392,22485.20428,5310.557155,5412.954069,103.0200521,0,0,True,31
31,283,300,25978.2403,25352.56178,7586.621725,8171.624096,883.28318,0,0,True,31
31,243,300,18639.27793,18649.70678,4388.265149,4511.536469,124.016225,0,0,True,31
32,250,300,34556.90855,33738.16666,8041.341243,9122.06408,1147.720654,0,0,True,32
32,279,300,22197.97645,21094.62289,8603.167003,9619.722291,1689.90196,0,0,True,32
32,264,300,21034.46649,19808.6504,5865.571656,7168.606181,1908.909963,0,0,True,32
32,223,300,23240.83311,23224.94905,5873.943039,6734.265341,934.0474651,0,0,True,32
32,286,300,20943.00245,20915.69626,6454.131597,7150.26308,1099.697414,0,0,True,32
32,281,300,16583.83716,16875.60978,5270.35293,5786.559836,641.772261,0,0,True,32
32,195,244,23707.20607,23662.29223,6623.761763,7571.233891,1086.476959,0,0,True,32
32,227,300,20774.05519,20809.91809,7215.20631,8206.799583,1388.36326,0,0,True,32
32,167,300,19150.04334,18868.67249,5644.812565,6486.159389,1047.678164,0,0,True,32
33,112,300,13017.13217,13232.16026,4218.851743,4679.760846,498.2804083,0,0,True,33
33,257,300,24261.31476,23547.93946,6327.323948,7749.534971,2088.696704,0,0,True,33
33,261,300,25924.30345,25222.71118,6574.32035,7829.775109,1576.22226,0,0,True,33
33,201,259,20018.7848,19682.83311,4741.091329,5478.686758,1025.383389,0,0,True,33
33,238,300,25400.58678,25388.52774,7313.97886,7979.802409,732.939842,0,0,True,33
33,205,300,19517.94252,19469.95164,5310.795781,5625.315669,340.7145431,0,0,True,33
33,166,300,12843.94283,13033.03387,3667.112295,4059.824931,428.4264452,0,0,True,33
33,209,237,28484.54063,28238.27524,6835.53844,7542.241511,759.9674007,0,0,True,33
33,264,300,28002.7381,27563.73884,8245.809723,9487.939743,1631.916532,0,0,True,33
33,263,300,23713.1074,23453.12024,6270.748464,7489.098697,1813.09263,0,0,True,33
33,231,300,20044.23582,20112.34741,5812.597514,6519.242659,827.5029377,0,0,True,33
33,283,300,30254.38546,28514.988,9330.976794,10556.73153,1407.596771,0,0,True,33
34,128,300,20288.89261,20271.60469,5238.317648,5989.338051,870.645652,0,0,True,34
34,227,300,19457.50955,19533.84293,4991.145034,5265.011136,280.0308083,0,0,True,34
34,217,300,18177.90074,18301.42271,4988.268654,5276.005554,291.2762956,0,0,True,34
34,96,300,15910.73467,15832.47292,3718.256009,3944.308473,230.9358896,0,0,True,34
34,112,300,13645.97468,13640.6011,3719.389118,4099.72798,455.771949,0,0,True,34
34,162,300,24153.21501,24126.13465,5915.00919,6175.391082,262.1096326,0,0,True,34
34,237,300,19916.19939,20062.77637,5077.594554,5510.33649,450.6803813,0,0,True,34
34,177,300,24333.04755,24250.29529,7284.989429,7649.093622,468.6865384,0,0,True,34
34,238,300,22682.06274,22622.92332,5680.035954,5965.900378,289.4491992,0,0,True,34
34,187,300,31651.61767,31389.76388,8275.974599,8867.041036,829.5419264,0,0,True,34
34,193,300,28556.64091,27404.93773,7150.113144,7754.677721,671.7634165,0,0,True,34
34,197,300,15141.88605,15163.47442,3671.174055,3753.520528,84.14416208,0,0,True,34
34,219,300,18521.40659,18613.08809,5002.631549,5432.955459,489.9925965,0,0,True,34
34,113,300,13303.82681,13250.66729,3255.383963,3472.077092,222.5846575,0,0,True,34
34,235,300,32325.17771,32397.38886,7986.808339,8377.042362,400.7613721,0,0,True,34
34,228,300,20567.03288,20724.25106,5162.362758,5429.859387,268.9032897,0,0,True,34
34,176,300,24310.76041,23726.56649,7014.835598,7723.411192,875.5604243,0,0,True,34
34,268,300,21527.55688,21579.97869,5988.833898,6553.885989,594.6479738,0,0,True,34
34,200,300,16818.58743,16963.54301,4336.105374,4610.134241,279.4958629,0,0,True,34
34,215,300,17200.18588,17135.77329,4359.748418,4661.943671,314.8060776,0,0,True,34
34,186,300,19559.77037,19678.17225,5333.794668,5698.842843,377.7591841,0,0,True,34
34,210,300,23331.29204,22636.446,7079.51147,8170.255231,1430.92052,0,0,True,34
34,208,300,19390.12264,19224.32661,4692.777174,4858.597324,167.4029613,0,0,True,34
34,192,300,25127.8292,25136.00752,6356.911694,6699.545654,350.4486873,0,0,True,34
34,193,300,23447.60361,23673.8476,6168.703313,6707.825457,588.9978986,0,0,True,34
34,223,300,27469.70006,27412.51805,7110.786061,7541.451337,439.535433,0,0,True,34
34,169,300,21140.48647,21481.5843,7483.920193,8307.90873,1058.460833,0,0,True,34
34,124,300,15157.26824,15154.45052,3638.406091,3856.749685,223.3610229,0,0,True,34
34,235,300,20851.99692,20826.86991,5333.383631,5696.575601,370.9911959,0,0,True,34
34,226,300,27227.58466,26230.9957,8067.358226,8819.412808,955.7250072,0,0,True,34
34,204,300,28773.71306,28845.42768,7825.3687,8608.061663,877.3877872,0,0,True,34
34,176,300,19495.6053,19240.28959,5096.346647,5671.0701,590.5116945,0,0,True,34
34,236,300,18006.80651,18041.78492,4365.1565,4633.873095,274.678743,0,0,True,34
34,202,286,35865.41952,35162.77184,9116.524367,9794.284258,901.4236816,0,0,True,34
35,243,300,28462.08254,28268.16192,7215.164387,7831.364192,676.5990743,0,0,True,35
35,210,300,27748.56105,27519.78027,7381.815973,7950.417654,611.9563536,0,0,True,35
35,260,300,30487.39062,30318.46053,7842.987812,8406.913421,610.2248807,0,0,True,35
35,218,300,17701.29146,17765.87841,4281.846429,4403.259996,129.274552,0,0,True,35
35,191,300,35360.0833,34938.70007,9596.652313,10242.89715,689.3863569,0,0,True,35
35,251,300,32935.3799,32746.1466,8400.376467,9115.927261,784.4803104,0,0,True,35
35,202,300,26318.65822,26103.94336,6172.272246,6479.49938,323.7060234,0,0,True,35
35,179,239,35330.48292,34299.50528,9129.049511,9898.449277,838.7218393,0,0,True,35
35,267,300,30992.90769,30646.75086,7635.563992,8050.771958,441.024677,0,0,True,35
35,242,300,38780.86892,38192.23379,9682.449577,10004.82374,343.0474892,0,0,True,35
35,259,300,20779.31468,20888.61509,5199.775142,5349.806527,151.1352429,0,0,True,35
35,261,300,30296.59347,30173.12703,8163.862896,9219.921195,1218.835822,0,0,True,35
35,262,300,34730.08512,34653.24801,8781.244163,9222.255915,476.2156075,0,0,True,35
35,179,300,31456.55838,31206.65565,8018.331404,8404.339722,405.9084111,0,0,True,35
35,218,300,26732.17327,26734.38386,6555.23139,6908.514115,355.8745649,0,0,True,35
36,185,300,27862.80045,27920.47928,6610.505647,6722.637051,112.7065562,0,0,True,36
36,252,300,47953.75748,48064.15881,11519.27573,11765.97289,250.8961228,0,0,True,36
36,180,185,21341.31361,21164.39092,5877.714809,6277.897565,444.3931338,0,0,True,36
36,220,300,24880.36315,24907.54586,5821.116039,5887.159369,66.61848177,0,0,True,36
36,173,300,35009.37755,35122.22,8514.036133,8746.653506,234.0994337,0,0,True,36
36,243,300,38255.34788,38413.11545,11583.72785,12479.06905,1008.248203,0,0,True,36
36,272,300,56494.30955,56559.67991,13246.64505,13343.65733,97.20881534,0,0,True,36
36,144,167,22580.54179,22634.84056,6156.64475,6457.671754,329.1867263,0,0,True,36
36,263,300,44202.05793,44386.21411,10987.8981,11182.55396,197.2830842,0,0,True,36
36,256,300,41394.664,40476.46677,11822.44266,12885.7255,1196.732703,0,0,True,36
36,251,300,32236.37229,32359.15002,7826.290461,8004.342381,179.0273957,0,0,True,36
36,235,300,24376.24317,24420.6244,5789.857851,5862.375435,72.5324403,0,0,True,36
36,241,300,32334.27036,32400.02038,7658.748156,7750.540331,92.52659136,0,0,True,36
36,245,300,36006.99326,35898.08854,8614.697228,8849.954648,242.1395491,0,0,True,36
36,245,300,33380.02127,33688.22103,9080.099644,9723.553182,684.7288742,0,0,True,36
36,231,300,46738.04191,46604.20327,11569.07365,12009.21157,484.132009,0,0,True,36
36,261,300,32962.73656,33030.29894,7926.48509,8037.381379,111.4656242,0,0,True,36
36,191,279,44229.86228,43920.67217,10964.09215,11437.95575,491.3930206,0,0,True,36
36,247,300,24755.82888,24840.55648,5975.382786,6129.937235,155.9736096,0,0,True,36
36,233,300,39651.6313,39683.60371,11287.70873,12043.47787,850.4942209,0,0,True,36
36,265,300,30561.3989,30664.05387,7331.561853,7530.658349,206.7031139,0,0,True,36
